url_path,views_total,views_unique
/rgglez/go-storage/tree/master/services/s3,3,1
/rgglez/go-storage,2,1
/rgglez/go-storage/blob/master/services/s3/go.mod,2,1
/rgglez/go-storage/tree/master/services,2,1
/beyondstorage/go-storage/compare/master...rgglez:go-storage:master,1,1
/rgglez/go-storage/blob/master/go.mod,1,1
/rgglez/go-storage/blob/master/services/s3/generated.go,1,1
/rgglez/go-storage/blob/master/services/s3/internal/cmd/main.go,1,1
/rgglez/go-storage/blob/master/services/s3/internal/cmd/meta.go,1,1
/rgglez/go-storage/blob/master/services/s3/rfcs/178-add-virtual-link-support.md,1,1
